order_id,order_date,city_from,city_to,delivery_type,weight_kg,delivery_cost,delivery_status,delivery_days,profit,driver_id
1,2025-02-05,Kyiv,Chisinau,Express,21.67,1393.19,Completed,3,304.99,12
2,2025-03-25,Vinnytsia,Vienna,Standard,17.01,868.33,Delayed,9,175.88,18
3,2025-05-06,Odesa,Budapest,Express,24.76,1212.0,Completed,4,255.42,11
4,2025-01-29,Kharkiv,Warsaw,Express,8.16,868.79,Completed,4,262.98,11
5,2025-04-19,Poltava,Prague,Cargo,457.17,1521.15,Completed,9,258.05,14
6,2025-10-26,Zaporizhzhia,Vienna,Standard,27.93,445.45,Completed,4,103.32,5
7,2025-11-18,Odesa,Prague,Cargo,892.58,2570.54,Completed,12,368.86,18
8,2025-01-06,Lviv,Bratislava,Cargo,400.79,2199.96,Completed,12,176.85,9
9,2025-09-14,Odesa,Berlin,Cargo,1715.0,2367.62,Completed,8,232.83,6
10,2025-10-04,Kyiv,Vienna,Express,4.57,990.38,Completed,3,211.47,8
11,2025-10-18,Lviv,Berlin,Cargo,1668.84,3449.36,Completed,7,329.09,16
12,2025-10-09,Odesa,Bratislava,Cargo,961.65,1687.14,Completed,8,279.31,13
13,2025-12-10,Vinnytsia,Budapest,Cargo,417.81,1716.8,Completed,10,141.68,18
14,2025-04-28,Kharkiv,Warsaw,Standard,33.4,514.47,Delayed,7,66.48,8
15,2025-05-23,Poltava,Chisinau,Cargo,1502.03,3229.48,Completed,12,352.53,16
16,2025-07-28,Kharkiv,Berlin,Standard,24.4,611.79,Delayed,8,126.97,4
17,2025-02-01,Zaporizhzhia,Vienna,Standard,13.62,668.14,Completed,5,116.82,9
18,2025-08-25,Kharkiv,Berlin,Express,4.25,1221.72,Completed,4,362.9,3
19,2025-05-02,Odesa,Prague,Express,6.92,1020.83,Completed,2,207.28,1
20,2025-07-19,Dnipro,Budapest,Express,18.02,1284.4,Completed,4,350.21,16
21,2025-03-21,Kharkiv,Bratislava,Standard,31.06,671.1,Completed,6,85.52,19
22,2025-09-02,Odesa,Warsaw,Cargo,1732.42,1357.6,Completed,6,218.61,8
23,2025-07-26,Lviv,Chisinau,Cargo,271.53,1388.56,Completed,10,266.83,7
24,2025-12-09,Vinnytsia,Chisinau,Express,5.01,1216.4,Completed,3,272.8,3
25,2025-01-05,Poltava,Berlin,Standard,14.59,532.6,Completed,6,124.9,8
26,2025-07-09,Dnipro,Bucharest,Express,18.18,1189.34,Completed,4,302.15,18
27,2025-06-03,Lviv,Bucharest,Express,22.46,1293.93,Completed,2,282.24,20
28,2025-04-18,Vinnytsia,Chisinau,Cargo,1735.24,2362.44,Delayed,10,215.16,14
29,2025-05-22,Kyiv,Warsaw,Express,5.01,1483.84,Cancelled,0,-160.34,14
30,2025-10-15,Kyiv,Berlin,Standard,45.68,672.8,Delayed,11,129.06,14
31,2025-03-07,Kyiv,Bratislava,Express,22.68,868.06,Completed,2,237.3,12
32,2025-10-14,Zaporizhzhia,Bucharest,Standard,48.93,805.39,Completed,7,99.24,11
33,2025-07-30,Kharkiv,Bratislava,Standard,9.86,836.08,Delayed,9,122.02,15
34,2025-06-29,Dnipro,Chisinau,Standard,34.7,599.23,Completed,6,139.24,9
35,2025-06-29,Zaporizhzhia,Vienna,Standard,44.47,530.61,Completed,8,130.07,9
36,2025-01-20,Lviv,Prague,Express,20.09,1049.12,Cancelled,0,-229.9,7
37,2025-05-11,Kyiv,Prague,Standard,46.65,669.23,Completed,5,111.99,3
38,2025-12-07,Vinnytsia,Vienna,Cargo,1495.56,1890.74,Completed,9,302.57,11
39,2025-07-26,Dnipro,Bucharest,Standard,34.92,589.57,Completed,5,117.92,10
40,2025-07-27,Kyiv,Bratislava,Express,11.89,1163.99,Completed,4,262.03,15
41,2025-08-15,Kharkiv,Budapest,Cargo,1385.93,1852.71,Completed,10,168.98,8
42,2025-12-11,Dnipro,Chisinau,Standard,6.1,522.42,Completed,7,104.2,3
43,2025-08-22,Zaporizhzhia,Chisinau,Cargo,891.16,2119.2,Delayed,8,396.54,4
44,2025-08-06,Kharkiv,Bucharest,Cargo,1036.19,2482.03,Completed,6,334.52,15
45,2025-12-08,Vinnytsia,Budapest,Cargo,1805.64,2181.5,Delayed,14,369.19,16
46,2025-08-19,Dnipro,Chisinau,Cargo,1578.46,2398.99,Completed,8,270.97,3
47,2025-05-27,Kharkiv,Bratislava,Express,22.54,764.46,Completed,2,162.35,5
48,2025-12-28,Kharkiv,Berlin,Express,9.61,1072.74,Completed,2,224.16,14
49,2025-07-19,Kyiv,Prague,Express,23.68,938.89,Completed,3,281.18,14
50,2025-10-03,Kharkiv,Budapest,Standard,24.61,414.51,Completed,6,85.78,13
51,2025-03-26,Poltava,Bucharest,Cargo,248.54,2106.25,Completed,5,189.72,14
52,2025-03-11,Poltava,Bucharest,Standard,22.06,505.83,Completed,6,82.89,13
53,2025-05-23,Zaporizhzhia,Bratislava,Standard,5.87,669.71,Completed,6,99.89,3
54,2025-11-30,Kyiv,Warsaw,Standard,42.77,710.67,Completed,5,96.94,4
55,2025-10-16,Kharkiv,Budapest,Cargo,1580.42,1585.92,Completed,6,274.9,6
56,2025-06-09,Lviv,Warsaw,Express,17.58,1466.54,Completed,3,457.28,7
57,2025-02-08,Kharkiv,Berlin,Cargo,742.85,2773.8,Cancelled,0,-163.19,2
58,2025-06-27,Zaporizhzhia,Vienna,Standard,34.14,406.33,Completed,7,92.2,4
59,2025-08-10,Vinnytsia,Budapest,Cargo,983.88,2887.73,Completed,9,444.45,18
60,2025-09-05,Poltava,Prague,Cargo,683.11,3158.94,Completed,6,358.45,15
61,2025-05-05,Poltava,Prague,Express,13.37,960.01,Completed,3,201.31,9
62,2025-06-24,Dnipro,Bratislava,Cargo,1129.93,1639.43,Completed,8,272.82,16
63,2025-10-12,Kharkiv,Budapest,Cargo,1083.48,3023.75,Delayed,9,322.31,8
64,2025-06-06,Vinnytsia,Budapest,Cargo,818.76,3492.25,Completed,10,426.81,15
65,2025-05-19,Dnipro,Bratislava,Standard,37.46,557.77,Completed,8,135.88,6
66,2025-04-09,Kharkiv,Budapest,Express,15.56,1308.17,Delayed,7,415.05,7
67,2025-06-01,Kharkiv,Vienna,Standard,5.64,667.07,Completed,6,84.0,2
68,2025-10-11,Dnipro,Bucharest,Cargo,1083.58,3207.26,Cancelled,0,-138.09,6
69,2025-01-27,Dnipro,Budapest,Standard,23.03,437.04,Completed,4,61.07,19
70,2025-06-05,Lviv,Chisinau,Standard,39.4,703.16,Completed,8,105.01,17
71,2025-07-14,Poltava,Budapest,Express,24.77,944.3,Completed,4,177.94,4
72,2025-04-17,Kharkiv,Bratislava,Cargo,482.7,1599.77,Completed,6,158.03,14
73,2025-08-19,Poltava,Bratislava,Standard,17.96,541.36,Completed,7,69.97,8
74,2025-05-16,Kharkiv,Prague,Standard,15.12,474.49,Completed,6,107.93,3
75,2025-01-31,Odesa,Bratislava,Cargo,1683.63,3318.74,Cancelled,0,-187.74,13
76,2025-05-20,Poltava,Budapest,Standard,6.79,616.01,Completed,6,122.27,1
77,2025-02-16,Kharkiv,Warsaw,Cargo,1237.24,2955.15,Completed,7,403.26,15
78,2025-05-23,Odesa,Prague,Cargo,1944.3,2281.02,Completed,11,273.72,4
79,2025-03-24,Vinnytsia,Prague,Cargo,718.79,3373.95,Completed,5,454.06,11
80,2025-05-10,Vinnytsia,Berlin,Express,20.97,700.92,Completed,4,171.5,2
81,2025-04-07,Vinnytsia,Budapest,Cargo,1567.98,1668.18,Completed,7,319.16,15
82,2025-12-24,Poltava,Berlin,Standard,32.4,519.65,Delayed,8,99.57,18
83,2025-07-28,Lviv,Chisinau,Standard,47.62,723.85,Completed,5,133.76,10
84,2025-09-18,Dnipro,Prague,Express,7.61,1141.01,Completed,3,235.83,20
85,2025-09-18,Odesa,Berlin,Express,20.17,1031.95,Cancelled,0,-50.51,10
86,2025-10-28,Poltava,Bucharest,Express,13.14,965.95,Completed,4,224.88,11
87,2025-04-07,Kharkiv,Prague,Standard,23.48,559.09,Cancelled,0,-212.28,13
88,2025-12-06,Odesa,Budapest,Standard,27.6,695.09,Completed,4,162.4,15
89,2025-02-21,Poltava,Warsaw,Cargo,937.96,2706.0,Completed,7,240.78,9
90,2025-06-23,Zaporizhzhia,Berlin,Express,21.76,1004.01,Delayed,7,303.35,2
91,2025-11-13,Lviv,Chisinau,Cargo,1857.67,3494.08,Delayed,10,689.73,4
92,2025-08-16,Odesa,Bratislava,Standard,19.6,428.06,Completed,6,72.23,5
93,2025-05-06,Zaporizhzhia,Bucharest,Standard,8.55,835.42,Completed,8,174.44,16
94,2025-10-26,Odesa,Chisinau,Express,7.84,904.26,Delayed,6,276.86,18
95,2025-03-22,Lviv,Budapest,Express,8.88,1469.62,Completed,4,315.99,10
96,2025-04-12,Zaporizhzhia,Budapest,Standard,22.16,579.48,Completed,6,144.32,10
97,2025-01-12,Zaporizhzhia,Bratislava,Standard,43.93,789.16,Completed,4,188.12,16
98,2025-05-27,Kharkiv,Vienna,Standard,13.56,525.31,Delayed,6,124.73,2
99,2025-06-08,Poltava,Warsaw,Cargo,1518.25,1407.31,Completed,9,167.76,14
100,2025-03-31,Kharkiv,Bucharest,Cargo,1155.53,3301.02,Completed,7,365.87,16
101,2025-06-01,Vinnytsia,Berlin,Express,5.24,1473.2,Completed,4,414.54,13
102,2025-10-13,Vinnytsia,Berlin,Express,8.08,798.87,Completed,3,219.05,9
103,2025-10-27,Zaporizhzhia,Vienna,Standard,15.52,412.51,Delayed,11,98.58,8
104,2025-11-28,Lviv,Budapest,Cargo,1368.63,1468.35,Completed,5,284.2,10
105,2025-09-10,Lviv,Berlin,Standard,11.1,626.82,Completed,8,109.37,5
106,2025-08-01,Lviv,Budapest,Cargo,1890.3,1843.4,Completed,10,195.53,15
107,2025-05-01,Vinnytsia,Berlin,Cargo,1180.04,3449.04,Completed,10,300.98,9
108,2025-04-08,Lviv,Budapest,Standard,14.54,719.75,Delayed,5,159.99,8
109,2025-03-06,Kharkiv,Berlin,Cargo,1255.49,3070.02,Completed,8,366.64,5
110,2025-11-02,Kyiv,Bratislava,Standard,29.31,799.26,Completed,4,164.6,1
111,2025-03-09,Kyiv,Vienna,Standard,19.57,487.12,Completed,4,66.48,14
112,2025-09-27,Lviv,Berlin,Express,19.89,1110.59,Completed,2,270.19,8
113,2025-11-11,Kyiv,Bratislava,Express,24.17,748.66,Delayed,7,179.44,4
114,2025-09-09,Poltava,Berlin,Standard,32.37,432.84,Completed,6,87.07,19
115,2025-10-08,Vinnytsia,Prague,Cargo,730.82,2362.77,Completed,11,217.14,4
116,2025-12-02,Kharkiv,Prague,Express,11.52,1361.94,Completed,3,324.47,4
117,2025-06-10,Zaporizhzhia,Vienna,Cargo,873.74,1551.07,Completed,12,136.58,3
118,2025-02-17,Zaporizhzhia,Berlin,Cargo,870.76,1499.27,Cancelled,0,-162.32,11
119,2025-12-10,Lviv,Prague,Express,23.65,1038.35,Delayed,5,327.68,20
120,2025-06-09,Vinnytsia,Berlin,Cargo,582.93,2710.49,Completed,8,492.42,12
121,2025-10-12,Vinnytsia,Berlin,Express,7.2,1043.29,Completed,4,330.14,20
122,2025-11-11,Kyiv,Bratislava,Standard,17.3,781.2,Completed,6,129.39,6
123,2025-03-15,Zaporizhzhia,Berlin,Standard,33.49,415.33,Cancelled,0,-133.97,11
124,2025-03-22,Vinnytsia,Bratislava,Cargo,1598.3,2505.47,Completed,6,466.02,5
125,2025-03-22,Kyiv,Berlin,Express,17.22,1088.53,Completed,3,259.05,7
126,2025-09-20,Lviv,Vienna,Express,8.51,1242.79,Completed,3,315.38,10
127,2025-01-24,Kharkiv,Prague,Cargo,213.84,1893.26,Completed,8,325.8,9
128,2025-05-29,Vinnytsia,Berlin,Standard,38.62,487.85,Completed,7,92.32,8
129,2025-09-14,Vinnytsia,Berlin,Express,2.97,714.99,Cancelled,0,-165.15,19
130,2025-07-27,Zaporizhzhia,Bratislava,Standard,5.94,562.38,Completed,8,101.12,12
131,2025-02-15,Zaporizhzhia,Berlin,Standard,31.5,661.98,Completed,7,154.35,11
132,2025-04-24,Vinnytsia,Bucharest,Standard,33.5,665.3,Completed,5,158.19,12
133,2025-06-29,Odesa,Chisinau,Standard,16.52,486.75,Completed,5,106.51,3
134,2025-04-01,Poltava,Budapest,Cargo,1243.04,2766.61,Cancelled,0,-175.44,5
135,2025-08-14,Lviv,Budapest,Express,8.96,919.74,Delayed,5,230.88,10
136,2025-08-25,Poltava,Warsaw,Standard,42.43,438.37,Completed,4,87.65,17
137,2025-07-16,Poltava,Warsaw,Express,16.99,957.22,Completed,3,239.49,2
138,2025-08-19,Lviv,Vienna,Cargo,1108.19,1596.89,Completed,8,263.35,15
139,2025-09-26,Odesa,Vienna,Express,10.91,1319.57,Completed,4,347.98,11
140,2025-02-03,Vinnytsia,Berlin,Cargo,895.82,1779.59,Delayed,10,159.77,5
141,2025-06-29,Dnipro,Prague,Standard,36.9,442.36,Completed,8,74.74,11
142,2025-03-07,Lviv,Prague,Cargo,232.81,1910.39,Completed,8,231.17,16
143,2025-04-09,Kharkiv,Bucharest,Standard,18.31,794.06,Completed,8,174.86,17
144,2025-01-20,Vinnytsia,Bucharest,Cargo,477.65,1615.95,Completed,7,269.12,2
145,2025-07-30,Vinnytsia,Chisinau,Express,8.55,1298.83,Delayed,5,330.89,10
146,2025-08-29,Kharkiv,Vienna,Cargo,1971.99,2261.86,Completed,9,392.15,17
147,2025-09-28,Zaporizhzhia,Bucharest,Standard,11.23,525.0,Completed,7,122.66,18
148,2025-02-22,Lviv,Bratislava,Standard,12.21,624.66,Cancelled,0,-137.49,8
149,2025-08-19,Vinnytsia,Warsaw,Express,11.12,999.17,Completed,3,318.97,12
150,2025-04-25,Kyiv,Vienna,Standard,34.25,795.69,Delayed,6,125.16,16
151,2025-12-23,Odesa,Budapest,Express,2.12,763.38,Delayed,5,226.64,18
152,2025-11-08,Zaporizhzhia,Berlin,Express,8.93,738.2,Completed,3,198.91,20
153,2025-08-23,Lviv,Berlin,Express,14.33,1205.56,Completed,4,257.83,5
154,2025-05-30,Zaporizhzhia,Warsaw,Cargo,633.02,2158.11,Completed,6,308.22,12
155,2025-02-04,Kyiv,Prague,Express,16.62,1484.83,Completed,3,422.62,12
156,2025-02-04,Vinnytsia,Chisinau,Cargo,1330.86,2974.45,Delayed,12,253.78,18
157,2025-06-23,Odesa,Budapest,Cargo,1337.12,3066.44,Completed,6,508.8,15
158,2025-01-19,Dnipro,Chisinau,Standard,44.86,557.8,Completed,6,104.31,18
159,2025-08-31,Dnipro,Warsaw,Cargo,715.0,3182.92,Completed,5,585.33,11
160,2025-05-20,Lviv,Vienna,Express,19.1,1415.71,Completed,3,322.02,6
161,2025-09-12,Poltava,Vienna,Cargo,1642.07,2872.29,Completed,6,378.2,6
162,2025-10-07,Dnipro,Vienna,Standard,19.76,547.82,Completed,7,108.66,14
163,2025-03-27,Poltava,Vienna,Express,18.72,1429.29,Completed,4,457.0,9
164,2025-11-24,Kyiv,Berlin,Cargo,931.18,2380.1,Delayed,8,231.19,20
165,2025-12-14,Poltava,Warsaw,Standard,15.62,722.58,Completed,6,122.67,19
166,2025-01-17,Odesa,Budapest,Express,12.21,761.51,Completed,2,193.52,13
167,2025-06-10,Dnipro,Chisinau,Standard,38.11,649.52,Completed,7,155.08,4
168,2025-05-15,Dnipro,Budapest,Standard,17.85,858.24,Delayed,9,116.67,3
169,2025-08-20,Odesa,Budapest,Standard,48.54,893.29,Delayed,7,171.06,10
170,2025-06-03,Odesa,Bucharest,Express,7.16,1488.11,Completed,2,317.18,16
171,2025-01-14,Vinnytsia,Vienna,Express,4.98,1407.4,Completed,2,314.27,16
172,2025-09-27,Zaporizhzhia,Prague,Cargo,425.59,1929.16,Completed,6,258.5,17
173,2025-06-26,Odesa,Bucharest,Standard,27.63,834.11,Completed,4,156.27,10
174,2025-03-26,Odesa,Vienna,Cargo,822.84,3364.08,Completed,9,610.62,9
175,2025-04-11,Dnipro,Bucharest,Cargo,1305.97,1414.89,Completed,7,213.67,19
176,2025-03-20,Odesa,Vienna,Cargo,1685.43,1265.26,Completed,5,245.24,19
177,2025-05-16,Kharkiv,Prague,Cargo,254.51,3244.69,Delayed,12,447.62,13
178,2025-06-02,Poltava,Berlin,Cargo,484.54,2155.93,Completed,12,225.26,20
179,2025-03-15,Vinnytsia,Vienna,Cargo,1955.67,1500.76,Completed,10,212.8,4
180,2025-06-13,Kharkiv,Budapest,Standard,25.23,470.44,Completed,4,74.2,13
181,2025-11-12,Zaporizhzhia,Chisinau,Standard,47.02,760.56,Completed,5,166.72,16
182,2025-09-21,Poltava,Budapest,Express,2.53,1456.19,Completed,4,355.33,8
183,2025-04-21,Vinnytsia,Warsaw,Standard,27.27,841.17,Completed,7,132.19,1
184,2025-02-25,Zaporizhzhia,Bucharest,Express,10.41,1022.6,Cancelled,0,-164.06,7
185,2025-07-05,Dnipro,Berlin,Express,12.36,1139.89,Completed,4,313.76,4
186,2025-03-07,Lviv,Prague,Express,14.83,992.49,Completed,2,206.31,17
187,2025-07-25,Kyiv,Warsaw,Standard,37.11,801.98,Completed,8,143.88,20
188,2025-09-21,Odesa,Vienna,Cargo,492.5,3478.42,Completed,9,526.1,17
189,2025-09-18,Poltava,Bratislava,Express,10.47,1239.05,Completed,3,324.28,1
190,2025-11-02,Poltava,Bratislava,Cargo,1241.25,1723.35,Cancelled,0,-84.1,20
191,2025-07-14,Odesa,Chisinau,Standard,47.67,454.95,Completed,4,80.68,14
192,2025-03-19,Zaporizhzhia,Chisinau,Express,19.82,1436.42,Completed,4,404.84,5
193,2025-09-23,Kharkiv,Vienna,Cargo,1145.86,1921.63,Completed,7,259.73,18
194,2025-06-25,Vinnytsia,Bratislava,Cargo,546.08,1766.99,Completed,9,189.04,10
195,2025-05-28,Kharkiv,Budapest,Express,10.02,1446.96,Completed,4,315.85,4
196,2025-10-21,Zaporizhzhia,Prague,Express,20.51,932.36,Cancelled,0,-65.81,15
197,2025-12-02,Dnipro,Budapest,Standard,42.26,535.57,Completed,8,112.74,5
198,2025-02-25,Kharkiv,Chisinau,Standard,45.73,512.84,Delayed,6,68.22,11
199,2025-08-30,Lviv,Bucharest,Standard,49.01,478.97,Completed,7,87.21,7
200,2025-05-28,Vinnytsia,Bratislava,Cargo,1834.29,1405.76,Completed,8,202.74,2
201,2025-03-31,Zaporizhzhia,Bucharest,Standard,40.46,493.16,Completed,6,115.39,1
202,2025-06-02,Lviv,Vienna,Express,24.75,1134.64,Completed,3,345.49,5
203,2025-09-16,Poltava,Bratislava,Standard,19.88,765.56,Completed,6,163.38,1
204,2025-06-22,Dnipro,Chisinau,Standard,43.53,848.52,Delayed,12,138.0,13
205,2025-12-09,Lviv,Bucharest,Standard,19.56,524.02,Completed,6,89.01,15
206,2025-05-17,Vinnytsia,Bratislava,Cargo,1231.18,1801.57,Delayed,12,157.56,4
207,2025-08-27,Dnipro,Bucharest,Express,13.56,1416.09,Delayed,7,391.75,10
208,2025-07-08,Kharkiv,Chisinau,Standard,11.89,773.87,Completed,8,130.45,18
209,2025-08-30,Kharkiv,Chisinau,Cargo,1272.47,3010.95,Cancelled,0,-122.36,19
210,2025-02-27,Kyiv,Chisinau,Cargo,469.73,1954.67,Completed,12,183.64,7
211,2025-10-26,Poltava,Berlin,Cargo,1655.65,2242.89,Completed,11,302.38,2
212,2025-10-14,Poltava,Bratislava,Cargo,912.71,3077.84,Completed,8,459.82,2
213,2025-08-05,Vinnytsia,Berlin,Cargo,1882.25,1358.74,Completed,12,113.87,14
214,2025-04-03,Odesa,Prague,Express,12.32,1433.69,Completed,3,333.46,18
215,2025-03-10,Vinnytsia,Berlin,Standard,22.69,463.67,Completed,5,105.96,1
216,2025-06-02,Poltava,Prague,Cargo,1682.05,1769.28,Completed,10,174.48,7
217,2025-02-27,Kyiv,Prague,Cargo,1885.23,3244.8,Cancelled,0,-70.18,2
218,2025-08-17,Kyiv,Chisinau,Cargo,924.08,1738.98,Completed,8,296.54,2
219,2025-03-13,Dnipro,Chisinau,Cargo,774.03,2575.21,Completed,10,279.23,5
220,2025-12-05,Kharkiv,Prague,Express,3.4,1458.82,Completed,4,448.76,14
221,2025-10-12,Poltava,Warsaw,Express,17.44,1328.64,Delayed,7,315.1,10
222,2025-07-12,Odesa,Budapest,Standard,18.53,753.79,Completed,7,180.09,18
223,2025-07-31,Zaporizhzhia,Bucharest,Express,7.86,964.21,Completed,2,298.05,12
224,2025-02-17,Kharkiv,Warsaw,Express,17.49,1182.34,Completed,2,243.97,19
225,2025-12-10,Kharkiv,Budapest,Standard,18.64,854.5,Completed,5,206.64,4
226,2025-09-03,Kharkiv,Chisinau,Express,14.7,1320.41,Completed,3,323.86,12
227,2025-06-07,Dnipro,Vienna,Cargo,1038.81,3046.48,Completed,12,522.15,11
228,2025-04-15,Vinnytsia,Vienna,Express,14.94,877.02,Completed,2,159.86,18
229,2025-10-27,Zaporizhzhia,Bratislava,Standard,19.84,589.92,Completed,5,109.08,11
230,2025-05-12,Poltava,Budapest,Express,18.85,981.74,Completed,2,275.72,16
231,2025-04-05,Kyiv,Warsaw,Standard,7.18,403.19,Delayed,7,51.95,5
232,2025-01-05,Kharkiv,Budapest,Express,16.21,1233.4,Completed,4,379.62,16
233,2025-01-09,Kyiv,Prague,Standard,28.82,537.37,Completed,6,65.68,14
234,2025-04-02,Lviv,Berlin,Cargo,633.74,2625.5,Completed,9,466.88,9
235,2025-07-23,Lviv,Vienna,Express,15.0,1492.19,Completed,2,331.26,3
236,2025-12-01,Kyiv,Berlin,Express,10.67,1080.8,Completed,4,195.97,6
237,2025-02-12,Poltava,Prague,Cargo,1218.54,3173.31,Completed,6,594.6,2
238,2025-04-28,Kharkiv,Budapest,Express,23.26,1247.54,Completed,3,381.63,19
239,2025-12-03,Kyiv,Bucharest,Express,24.11,1169.63,Completed,4,344.95,3
240,2025-06-03,Odesa,Chisinau,Cargo,1418.66,2443.29,Completed,11,417.0,5
241,2025-12-19,Lviv,Vienna,Standard,24.67,819.34,Completed,6,162.78,20
242,2025-11-01,Zaporizhzhia,Vienna,Standard,17.3,896.29,Delayed,9,149.01,13
243,2025-08-10,Odesa,Prague,Standard,32.84,799.03,Cancelled,0,-80.84,5
244,2025-07-19,Vinnytsia,Vienna,Standard,5.23,554.13,Completed,6,121.34,4
245,2025-03-09,Lviv,Bucharest,Express,14.81,1109.95,Completed,2,203.87,12
246,2025-10-11,Lviv,Vienna,Express,8.71,1010.24,Completed,2,284.36,18
247,2025-05-05,Odesa,Prague,Standard,17.1,534.2,Completed,5,68.5,14
248,2025-05-22,Zaporizhzhia,Bratislava,Express,10.31,1455.38,Completed,4,389.32,20
249,2025-11-12,Kharkiv,Budapest,Standard,18.71,874.41,Completed,6,200.6,13
250,2025-06-18,Poltava,Vienna,Express,24.41,808.9,Delayed,8,252.88,7
251,2025-09-03,Vinnytsia,Bucharest,Express,8.7,1255.97,Completed,3,396.24,8
252,2025-06-16,Zaporizhzhia,Bratislava,Express,4.62,1151.08,Completed,4,367.9,6
253,2025-12-16,Kyiv,Budapest,Cargo,989.22,1870.06,Completed,6,333.39,14
254,2025-12-11,Poltava,Bucharest,Cargo,635.64,2714.92,Completed,11,474.27,3
255,2025-08-18,Poltava,Prague,Cargo,1862.29,3200.16,Completed,11,464.78,12
256,2025-12-26,Lviv,Berlin,Standard,34.91,483.17,Delayed,9,93.36,13
257,2025-06-19,Zaporizhzhia,Berlin,Standard,16.64,655.34,Completed,8,126.18,19
258,2025-04-24,Poltava,Vienna,Express,19.76,1170.87,Completed,4,235.47,1
259,2025-09-05,Lviv,Bratislava,Express,4.67,1452.54,Completed,2,332.29,11
260,2025-08-22,Kharkiv,Budapest,Express,4.25,1277.6,Completed,3,287.01,10
261,2025-01-23,Lviv,Warsaw,Express,4.52,1340.04,Delayed,6,338.01,18
262,2025-03-23,Vinnytsia,Prague,Express,20.35,1203.81,Completed,2,324.63,14
263,2025-07-22,Kyiv,Chisinau,Express,11.88,703.56,Completed,2,146.91,3
264,2025-10-23,Lviv,Bucharest,Express,6.53,791.16,Completed,4,237.96,17
265,2025-11-24,Vinnytsia,Prague,Cargo,1256.61,2000.23,Completed,12,308.2,10
266,2025-11-11,Lviv,Bucharest,Express,7.49,793.56,Completed,3,219.88,17
267,2025-07-18,Zaporizhzhia,Bucharest,Cargo,961.47,2319.34,Completed,7,339.99,16
268,2025-05-28,Odesa,Bucharest,Express,16.25,1392.42,Completed,2,345.1,7
269,2025-07-16,Poltava,Prague,Cargo,948.13,3131.75,Completed,12,313.4,19
270,2025-01-16,Kharkiv,Bratislava,Standard,15.12,544.34,Completed,7,105.35,16
271,2025-10-09,Lviv,Berlin,Express,14.49,1492.71,Cancelled,0,-58.32,15
272,2025-10-07,Kharkiv,Prague,Standard,42.35,775.67,Cancelled,0,-56.45,9
273,2025-06-28,Lviv,Budapest,Standard,41.54,504.94,Cancelled,0,-222.21,20
274,2025-11-20,Zaporizhzhia,Bucharest,Cargo,1612.73,3071.12,Completed,5,455.78,18
275,2025-05-24,Odesa,Vienna,Cargo,720.8,1814.89,Completed,6,174.72,14
276,2025-01-31,Dnipro,Bucharest,Cargo,649.42,2836.21,Completed,8,486.06,13
277,2025-09-08,Odesa,Bratislava,Cargo,875.31,1373.69,Completed,6,176.3,9
278,2025-12-22,Vinnytsia,Budapest,Express,15.38,1395.13,Completed,4,269.32,15
279,2025-11-22,Vinnytsia,Berlin,Cargo,592.09,2188.18,Completed,8,304.96,11
280,2025-05-26,Vinnytsia,Bucharest,Cargo,1618.95,3256.56,Completed,5,278.48,15
281,2025-01-09,Lviv,Bucharest,Express,2.02,1466.43,Completed,2,468.37,5
282,2025-11-29,Dnipro,Bucharest,Express,17.06,900.31,Completed,3,245.81,6
283,2025-01-27,Zaporizhzhia,Bratislava,Cargo,1559.42,2187.23,Delayed,7,175.26,16
284,2025-02-09,Odesa,Chisinau,Cargo,1001.12,1218.54,Delayed,11,241.98,14
285,2025-12-22,Odesa,Budapest,Standard,22.24,765.38,Completed,4,102.11,12
286,2025-06-03,Odesa,Prague,Standard,49.68,471.43,Delayed,13,57.09,6
287,2025-08-14,Vinnytsia,Chisinau,Cargo,472.47,2146.93,Cancelled,0,-67.34,4
288,2025-03-13,Lviv,Prague,Express,9.23,811.86,Completed,3,219.4,8
289,2025-10-11,Dnipro,Warsaw,Cargo,569.8,2595.93,Completed,8,440.64,10
290,2025-11-27,Kyiv,Chisinau,Express,4.59,1099.67,Completed,4,208.87,1
291,2025-07-04,Vinnytsia,Bucharest,Express,11.68,1137.08,Completed,2,326.09,3
292,2025-01-09,Lviv,Warsaw,Express,2.92,748.38,Completed,3,187.79,17
293,2025-08-01,Zaporizhzhia,Prague,Standard,29.15,708.02,Delayed,7,113.49,17
294,2025-04-15,Odesa,Vienna,Express,16.59,1367.62,Completed,4,369.31,10
295,2025-12-24,Zaporizhzhia,Chisinau,Standard,8.88,617.24,Completed,7,123.2,2
296,2025-06-08,Odesa,Berlin,Standard,11.17,405.68,Delayed,10,76.26,9
297,2025-03-27,Vinnytsia,Bucharest,Cargo,1772.23,2885.75,Cancelled,0,-55.87,14
298,2025-05-20,Lviv,Bratislava,Cargo,1329.56,2341.14,Completed,10,202.87,19
299,2025-03-27,Vinnytsia,Bucharest,Express,4.37,1159.13,Cancelled,0,-198.16,1
300,2025-01-23,Kyiv,Chisinau,Standard,21.38,860.11,Completed,5,207.33,2
301,2025-10-11,Zaporizhzhia,Chisinau,Express,11.57,1276.23,Completed,3,377.3,19
302,2025-07-10,Lviv,Warsaw,Standard,41.2,890.71,Completed,7,114.87,15
303,2025-05-25,Dnipro,Vienna,Standard,25.55,584.46,Completed,6,112.97,10
304,2025-11-15,Kharkiv,Budapest,Express,24.35,1498.23,Completed,2,423.32,18
305,2025-05-06,Odesa,Warsaw,Express,7.36,977.14,Completed,4,295.89,11
306,2025-01-01,Zaporizhzhia,Bratislava,Standard,28.84,519.08,Completed,7,127.15,5
307,2025-12-31,Dnipro,Berlin,Standard,45.38,659.88,Completed,6,118.51,3
308,2025-10-25,Lviv,Bucharest,Cargo,334.69,2505.99,Completed,11,399.69,5
309,2025-05-02,Dnipro,Bratislava,Express,18.12,1288.28,Completed,3,313.55,8
310,2025-02-08,Kharkiv,Bucharest,Cargo,479.74,1578.06,Completed,12,185.71,4
311,2025-10-02,Vinnytsia,Chisinau,Express,12.66,1381.99,Completed,2,279.25,10
312,2025-12-27,Kyiv,Chisinau,Express,4.1,898.58,Completed,3,211.59,2
313,2025-12-13,Dnipro,Bratislava,Standard,47.84,827.3,Completed,8,179.73,8
314,2025-02-18,Poltava,Berlin,Standard,5.54,815.19,Completed,5,111.68,13
315,2025-07-10,Lviv,Bratislava,Standard,49.87,498.88,Completed,7,112.35,3
316,2025-06-19,Lviv,Warsaw,Express,5.86,1159.11,Completed,4,272.74,1
317,2025-07-15,Zaporizhzhia,Bucharest,Express,22.89,919.99,Completed,3,279.38,2
318,2025-11-11,Kharkiv,Bratislava,Express,22.3,1083.22,Completed,2,237.41,5
319,2025-08-03,Kharkiv,Chisinau,Cargo,1630.72,3475.63,Completed,10,478.12,16
320,2025-06-26,Vinnytsia,Prague,Express,2.6,1177.69,Completed,2,359.67,9
321,2025-01-30,Poltava,Vienna,Cargo,1953.16,1430.31,Completed,8,160.17,2
322,2025-04-23,Zaporizhzhia,Vienna,Standard,15.64,559.0,Completed,6,133.5,1
323,2025-12-27,Vinnytsia,Bucharest,Cargo,1706.05,3063.92,Completed,12,444.44,6
324,2025-09-09,Kyiv,Berlin,Standard,32.07,409.96,Completed,7,49.23,20
325,2025-04-14,Odesa,Vienna,Cargo,1853.81,3141.85,Completed,10,273.8,5
326,2025-10-28,Odesa,Berlin,Cargo,1929.01,2059.26,Completed,11,309.55,11
327,2025-06-04,Vinnytsia,Bucharest,Standard,47.69,795.92,Cancelled,0,-84.84,18
328,2025-12-22,Vinnytsia,Chisinau,Cargo,1666.02,2070.28,Completed,9,197.26,1
329,2025-12-26,Zaporizhzhia,Warsaw,Standard,19.32,804.4,Completed,8,119.63,19
330,2025-02-23,Poltava,Bucharest,Express,3.79,977.45,Cancelled,0,-227.06,3
331,2025-12-29,Vinnytsia,Budapest,Standard,14.44,746.59,Completed,6,114.5,4
332,2025-01-01,Kyiv,Prague,Express,11.65,833.07,Cancelled,0,-125.74,18
333,2025-07-12,Lviv,Budapest,Cargo,1564.84,1718.84,Delayed,13,302.35,2
334,2025-05-31,Kyiv,Vienna,Express,3.71,836.08,Completed,3,169.33,3
335,2025-10-08,Lviv,Vienna,Cargo,1807.81,2820.36,Delayed,13,431.17,14
336,2025-03-22,Kyiv,Berlin,Express,24.41,1027.42,Completed,4,288.79,18
337,2025-05-16,Dnipro,Bratislava,Standard,7.23,685.88,Completed,7,96.0,12
338,2025-01-02,Zaporizhzhia,Berlin,Express,16.38,1084.26,Delayed,3,226.58,10
339,2025-02-11,Poltava,Berlin,Express,12.83,1415.9,Completed,3,272.93,18
340,2025-07-18,Odesa,Vienna,Express,6.29,735.69,Completed,3,180.32,8
341,2025-05-18,Kyiv,Bucharest,Cargo,374.06,2736.72,Delayed,16,293.65,2
342,2025-07-18,Zaporizhzhia,Budapest,Cargo,1057.27,1381.6,Completed,5,193.77,17
343,2025-10-20,Odesa,Berlin,Express,23.83,833.73,Completed,2,244.44,5
344,2025-01-22,Zaporizhzhia,Berlin,Cargo,563.45,3091.9,Completed,7,556.83,9
345,2025-06-13,Lviv,Berlin,Express,11.14,960.9,Completed,3,242.87,1
346,2025-12-25,Zaporizhzhia,Berlin,Express,5.41,1170.35,Completed,2,362.21,19
347,2025-02-21,Dnipro,Vienna,Express,10.81,1088.47,Completed,4,268.01,6
348,2025-05-22,Zaporizhzhia,Bucharest,Cargo,1425.46,2123.96,Completed,11,396.65,11
349,2025-12-20,Kharkiv,Warsaw,Cargo,1857.5,3263.17,Completed,5,393.36,10
350,2025-06-09,Dnipro,Budapest,Cargo,376.79,3198.47,Delayed,10,629.8,15
351,2025-06-14,Dnipro,Prague,Cargo,360.72,2215.95,Delayed,15,379.24,12
352,2025-01-29,Odesa,Berlin,Express,13.66,808.52,Delayed,9,148.81,7
353,2025-04-13,Kyiv,Chisinau,Standard,7.28,580.19,Completed,5,90.29,15
354,2025-09-16,Zaporizhzhia,Berlin,Cargo,635.49,2324.21,Completed,12,235.47,16
355,2025-10-28,Vinnytsia,Vienna,Standard,38.7,744.43,Completed,6,91.99,2
356,2025-03-25,Kharkiv,Chisinau,Cargo,1419.85,1818.89,Completed,11,257.54,1
357,2025-08-31,Odesa,Bucharest,Cargo,602.79,2599.19,Completed,9,430.24,9
358,2025-08-05,Zaporizhzhia,Vienna,Express,7.02,941.72,Completed,4,278.19,13
359,2025-10-27,Lviv,Warsaw,Cargo,1939.67,3130.57,Delayed,12,507.56,16
360,2025-02-02,Vinnytsia,Bratislava,Cargo,1750.68,1800.64,Completed,9,184.75,17
361,2025-05-04,Kyiv,Prague,Cargo,1425.36,2858.95,Completed,12,570.92,9
362,2025-08-03,Zaporizhzhia,Prague,Cargo,1249.44,3487.93,Completed,8,422.67,8
363,2025-12-18,Poltava,Vienna,Cargo,1721.75,3133.47,Completed,7,361.15,16
364,2025-03-07,Dnipro,Bucharest,Cargo,1377.98,1711.18,Completed,8,289.71,10
365,2025-08-04,Vinnytsia,Vienna,Express,8.76,1380.97,Completed,3,258.95,19
366,2025-10-25,Lviv,Budapest,Standard,10.39,740.35,Completed,8,117.56,2
367,2025-03-19,Odesa,Chisinau,Express,24.71,1414.28,Completed,3,282.93,6
368,2025-02-11,Poltava,Vienna,Cargo,764.15,1333.43,Completed,12,150.44,6
369,2025-10-23,Odesa,Budapest,Standard,32.65,716.74,Completed,7,125.98,16
370,2025-07-16,Kyiv,Warsaw,Cargo,1515.19,3385.16,Completed,10,578.26,17
371,2025-04-08,Kyiv,Warsaw,Cargo,647.88,2795.11,Cancelled,0,-70.54,17
372,2025-10-29,Dnipro,Bucharest,Standard,18.42,545.41,Completed,8,107.73,11
373,2025-08-11,Odesa,Vienna,Express,19.25,831.91,Completed,3,151.97,8
374,2025-03-09,Kharkiv,Warsaw,Cargo,504.17,2043.16,Completed,5,255.44,9
375,2025-10-01,Kyiv,Warsaw,Cargo,1376.42,1245.41,Completed,6,161.92,13
376,2025-03-05,Dnipro,Budapest,Cargo,569.89,2777.2,Completed,5,322.53,4
377,2025-12-06,Dnipro,Bucharest,Express,13.77,1194.16,Completed,3,234.01,4
378,2025-09-12,Kharkiv,Chisinau,Express,24.38,986.34,Completed,3,218.33,2
379,2025-10-08,Poltava,Chisinau,Cargo,795.09,1206.3,Completed,6,227.78,19
380,2025-12-09,Poltava,Bucharest,Standard,28.03,761.78,Cancelled,0,-178.87,15
381,2025-06-01,Dnipro,Budapest,Standard,41.59,837.07,Completed,6,139.65,11
382,2025-08-07,Lviv,Berlin,Standard,43.34,731.68,Completed,5,119.06,15
383,2025-11-15,Dnipro,Berlin,Express,6.21,1020.62,Completed,3,222.55,13
384,2025-12-20,Poltava,Prague,Cargo,403.5,2801.19,Completed,5,554.04,6
385,2025-02-23,Zaporizhzhia,Budapest,Cargo,988.69,2606.04,Delayed,15,217.49,5
386,2025-09-05,Poltava,Berlin,Express,3.06,909.29,Completed,3,165.25,17
387,2025-10-23,Kharkiv,Vienna,Cargo,1438.83,2621.95,Completed,11,417.95,8
388,2025-09-04,Vinnytsia,Prague,Standard,45.14,706.46,Completed,4,143.86,6
389,2025-09-16,Poltava,Budapest,Standard,38.81,560.32,Completed,6,137.91,2
390,2025-09-17,Kharkiv,Prague,Express,3.81,1055.35,Completed,4,256.17,16
391,2025-08-17,Vinnytsia,Berlin,Express,17.03,782.11,Cancelled,0,-159.82,3
392,2025-11-06,Dnipro,Chisinau,Cargo,1021.17,1983.96,Delayed,7,359.73,11
393,2025-10-14,Poltava,Vienna,Cargo,405.24,2946.44,Completed,8,236.49,12
394,2025-11-21,Dnipro,Vienna,Cargo,282.4,1577.56,Completed,7,281.78,14
395,2025-02-24,Dnipro,Chisinau,Standard,46.86,596.45,Completed,7,135.51,7
396,2025-06-23,Lviv,Prague,Standard,42.69,694.41,Delayed,11,142.77,17
397,2025-03-10,Poltava,Warsaw,Cargo,287.43,3351.21,Cancelled,0,-206.22,6
398,2025-12-21,Odesa,Bucharest,Standard,34.59,703.08,Completed,6,130.45,13
399,2025-08-03,Kharkiv,Bratislava,Express,24.32,1062.28,Completed,2,211.76,20
400,2025-12-25,Dnipro,Vienna,Cargo,1883.92,2654.94,Cancelled,0,-192.88,12
401,2025-12-11,Odesa,Bucharest,Cargo,1449.76,1941.48,Completed,6,332.56,18
402,2025-09-03,Zaporizhzhia,Bratislava,Express,14.02,720.22,Completed,2,134.99,2
403,2025-04-13,Dnipro,Bucharest,Express,7.76,1371.51,Delayed,7,286.04,18
404,2025-01-17,Vinnytsia,Budapest,Standard,44.06,769.75,Delayed,10,131.28,17
405,2025-12-23,Dnipro,Warsaw,Express,11.58,1330.49,Completed,4,297.73,18
406,2025-01-28,Kyiv,Bratislava,Standard,44.1,830.22,Delayed,9,198.0,12
407,2025-10-29,Kharkiv,Chisinau,Express,6.08,1246.13,Completed,2,392.22,17
408,2025-03-03,Zaporizhzhia,Warsaw,Express,14.8,804.05,Completed,4,239.96,1
409,2025-06-19,Poltava,Bucharest,Standard,46.79,698.44,Completed,8,160.37,10
410,2025-09-09,Vinnytsia,Berlin,Cargo,1145.71,3401.07,Completed,6,592.98,6
411,2025-08-01,Zaporizhzhia,Berlin,Express,22.32,1230.67,Completed,3,283.68,7
412,2025-11-13,Poltava,Warsaw,Standard,20.57,520.17,Delayed,13,78.91,2
413,2025-12-16,Vinnytsia,Prague,Standard,16.55,761.99,Completed,4,181.71,12
414,2025-09-21,Poltava,Budapest,Standard,45.42,496.26,Completed,8,64.86,4
415,2025-03-27,Kyiv,Berlin,Standard,33.33,506.59,Delayed,8,74.33,14
416,2025-11-28,Lviv,Bucharest,Standard,37.26,418.94,Completed,4,53.23,9
417,2025-10-13,Lviv,Chisinau,Express,10.92,1204.17,Completed,3,270.09,13
418,2025-12-11,Lviv,Warsaw,Cargo,1313.03,2938.71,Delayed,6,361.24,17
419,2025-02-24,Dnipro,Bratislava,Cargo,706.73,3331.39,Completed,11,424.46,1
420,2025-08-31,Odesa,Chisinau,Standard,22.59,798.74,Cancelled,0,-176.81,10
421,2025-12-13,Vinnytsia,Warsaw,Cargo,454.47,1296.08,Completed,11,187.23,3
422,2025-06-06,Kharkiv,Vienna,Standard,45.75,825.73,Completed,5,116.37,8
423,2025-11-12,Dnipro,Chisinau,Standard,35.19,683.65,Completed,4,157.7,18
424,2025-08-25,Lviv,Bratislava,Cargo,651.24,1654.06,Completed,12,321.19,12
425,2025-03-07,Kharkiv,Berlin,Express,3.61,854.8,Delayed,7,193.16,10
426,2025-12-22,Odesa,Vienna,Express,5.88,950.57,Completed,2,265.88,14
427,2025-05-22,Vinnytsia,Bucharest,Cargo,796.81,2303.89,Cancelled,0,-111.09,18
428,2025-02-25,Odesa,Berlin,Express,22.5,857.15,Completed,4,260.65,3
429,2025-02-08,Kyiv,Warsaw,Cargo,929.24,2557.08,Completed,5,373.82,18
430,2025-10-04,Poltava,Bucharest,Express,7.14,1317.72,Completed,4,395.32,5
431,2025-08-26,Lviv,Prague,Express,2.24,891.1,Completed,4,245.75,17
432,2025-03-13,Poltava,Bucharest,Standard,47.69,729.71,Completed,5,157.38,16
433,2025-07-03,Kyiv,Chisinau,Express,3.45,995.55,Completed,2,272.38,17
434,2025-07-04,Zaporizhzhia,Budapest,Express,2.92,1218.82,Completed,2,339.47,17
435,2025-11-21,Dnipro,Bratislava,Cargo,1226.29,2066.32,Completed,11,255.88,3
436,2025-09-22,Dnipro,Prague,Standard,23.26,808.62,Completed,6,148.21,16
437,2025-11-06,Kyiv,Bucharest,Express,7.29,1111.63,Completed,3,233.01,6
438,2025-03-22,Vinnytsia,Berlin,Cargo,946.3,1959.52,Completed,6,269.99,16
439,2025-09-03,Kharkiv,Bucharest,Cargo,240.4,1299.23,Completed,7,124.94,17
440,2025-01-21,Odesa,Warsaw,Standard,46.51,658.32,Completed,7,130.29,19
441,2025-11-23,Kyiv,Bratislava,Standard,25.21,896.39,Completed,7,127.44,14
442,2025-11-04,Odesa,Bucharest,Cargo,1119.45,1585.76,Delayed,14,240.38,3
443,2025-04-28,Zaporizhzhia,Prague,Standard,5.75,661.36,Completed,8,138.2,5
444,2025-11-07,Lviv,Bucharest,Express,15.8,1402.2,Delayed,9,400.09,3
445,2025-09-04,Odesa,Warsaw,Cargo,976.69,2167.57,Delayed,10,284.98,16
446,2025-07-15,Vinnytsia,Berlin,Express,7.85,1312.69,Completed,2,288.34,18
447,2025-07-29,Dnipro,Chisinau,Standard,38.46,403.56,Delayed,9,75.7,13
448,2025-12-02,Kharkiv,Vienna,Express,4.45,1040.86,Completed,4,224.31,18
449,2025-08-05,Vinnytsia,Bratislava,Cargo,1558.95,2150.42,Completed,12,218.15,18
450,2025-10-12,Poltava,Bratislava,Express,9.92,1264.4,Completed,4,252.03,4
451,2025-04-28,Poltava,Bucharest,Standard,27.88,793.04,Completed,8,158.47,2
452,2025-03-24,Zaporizhzhia,Warsaw,Standard,26.23,700.12,Completed,4,89.85,8
453,2025-07-09,Lviv,Warsaw,Cargo,1875.23,2121.48,Completed,9,350.88,20
454,2025-01-30,Odesa,Budapest,Express,6.64,1225.51,Completed,4,269.66,2
455,2025-11-03,Kharkiv,Bucharest,Cargo,847.53,2706.54,Completed,7,244.73,9
456,2025-07-24,Vinnytsia,Prague,Express,6.61,712.29,Completed,4,135.05,3
457,2025-10-09,Dnipro,Vienna,Express,7.2,1470.45,Completed,3,456.07,19
458,2025-01-03,Dnipro,Bucharest,Express,4.45,757.91,Completed,3,172.5,4
459,2025-09-20,Dnipro,Bratislava,Cargo,1938.9,2495.29,Completed,8,426.44,15
460,2025-12-15,Poltava,Warsaw,Express,7.93,1006.14,Completed,2,276.45,8
461,2025-06-11,Zaporizhzhia,Vienna,Cargo,217.5,3114.01,Completed,8,356.48,13
462,2025-12-11,Vinnytsia,Berlin,Cargo,1057.8,2013.14,Completed,9,205.21,7
463,2025-09-13,Kharkiv,Chisinau,Cargo,1770.94,1675.59,Completed,8,301.93,20
464,2025-07-02,Odesa,Berlin,Standard,35.41,731.71,Completed,8,88.44,18
465,2025-01-22,Poltava,Vienna,Cargo,1086.21,3466.33,Completed,9,481.46,17
466,2025-05-24,Zaporizhzhia,Chisinau,Cargo,297.47,3038.32,Completed,12,585.66,2
467,2025-09-15,Vinnytsia,Prague,Cargo,514.64,3445.97,Cancelled,0,-51.68,7
468,2025-07-14,Lviv,Vienna,Express,21.82,849.72,Delayed,5,185.0,20
469,2025-06-25,Vinnytsia,Bucharest,Express,6.84,1260.57,Completed,3,291.33,13
470,2025-05-24,Poltava,Bucharest,Cargo,1962.69,2777.83,Completed,6,462.5,8
471,2025-10-12,Zaporizhzhia,Prague,Standard,41.0,769.27,Completed,7,172.88,6
472,2025-08-04,Poltava,Bucharest,Cargo,1161.17,1926.17,Completed,12,223.44,18
473,2025-10-18,Kyiv,Prague,Standard,12.35,507.73,Delayed,10,116.3,4
474,2025-08-19,Vinnytsia,Bratislava,Express,14.89,1445.48,Completed,3,329.83,14
475,2025-03-04,Vinnytsia,Chisinau,Cargo,1369.76,2438.41,Completed,9,298.98,17
476,2025-09-07,Poltava,Berlin,Express,8.59,1205.37,Delayed,4,325.07,11
477,2025-08-04,Zaporizhzhia,Berlin,Standard,20.46,556.74,Completed,6,118.23,20
478,2025-11-27,Zaporizhzhia,Bratislava,Express,21.84,990.53,Cancelled,0,-140.06,6
479,2025-04-05,Kyiv,Bucharest,Cargo,1391.64,3363.01,Completed,6,354.02,13
480,2025-02-22,Lviv,Berlin,Express,3.24,1316.75,Completed,4,378.04,3
481,2025-02-23,Dnipro,Bucharest,Standard,46.92,594.92,Delayed,7,128.44,15
482,2025-11-17,Odesa,Bucharest,Cargo,251.43,2726.16,Completed,10,500.82,15
483,2025-10-04,Dnipro,Budapest,Standard,29.27,695.42,Delayed,12,122.77,18
484,2025-06-08,Vinnytsia,Budapest,Cargo,1648.47,2216.28,Completed,10,286.93,5
485,2025-06-05,Kyiv,Warsaw,Cargo,1726.3,1990.94,Cancelled,0,-187.55,16
486,2025-09-02,Dnipro,Warsaw,Express,15.73,1337.41,Completed,4,310.69,14
487,2025-10-15,Zaporizhzhia,Prague,Standard,37.17,723.0,Completed,7,107.49,3
488,2025-08-05,Kharkiv,Bratislava,Express,19.09,1347.05,Delayed,5,403.42,6
489,2025-03-11,Dnipro,Berlin,Cargo,1311.91,1825.91,Completed,12,187.22,1
490,2025-03-19,Kyiv,Warsaw,Standard,17.7,462.52,Completed,7,99.22,8
491,2025-02-16,Odesa,Warsaw,Express,9.86,949.26,Completed,3,303.49,15
492,2025-12-23,Kyiv,Vienna,Standard,47.82,428.02,Cancelled,0,-144.03,7
493,2025-05-09,Zaporizhzhia,Warsaw,Standard,37.16,592.4,Cancelled,0,-248.91,7
494,2025-08-24,Lviv,Chisinau,Express,17.67,949.69,Completed,3,192.03,2
495,2025-10-09,Lviv,Bratislava,Express,8.87,988.34,Delayed,4,312.57,8
496,2025-11-21,Zaporizhzhia,Vienna,Standard,40.75,692.35,Completed,7,154.11,1
497,2025-01-22,Poltava,Bucharest,Express,4.06,826.16,Cancelled,0,-117.68,2
498,2025-01-31,Vinnytsia,Bucharest,Cargo,1624.64,1489.4,Completed,8,175.76,18
499,2025-11-27,Vinnytsia,Budapest,Cargo,238.44,2068.87,Completed,7,227.75,2
500,2025-09-06,Poltava,Bratislava,Cargo,1082.17,2503.41,Delayed,13,420.29,9
